case_id,image_file,image,reference,SSIM_to_set_mean,mean_R,mean_G,mean_B,hist_00,hist_01,hist_02,hist_03,hist_04,hist_05,hist_06,hist_07,hist_08,hist_09,hist_10,hist_11,hist_12,hist_13,hist_14,hist_15,hist_16,hist_17,hist_18,hist_19,hist_20,hist_21,hist_22,hist_23,hist_24,hist_25,hist_26,hist_27,hist_28,hist_29,hist_30,hist_31,hu_log_1,hu_log_2,hu_log_3,hu_log_4,hu_log_5,hu_log_6,hu_log_7
001,001A.jpg,,SET_A_MEAN_TEMPLATE,0.186554,126.995819,115.083588,103.003326,0.071536,0.030655,0.023908,0.036953,0.044808,0.031737,0.016075,0.023650,0.028509,0.033411,0.062117,0.039282,0.027295,0.019332,0.016039,0.041231,0.035743,0.010347,0.018555,0.024641,0.030289,0.026036,0.017887,0.021858,0.016055,0.013092,0.040358,0.044454,0.029756,0.019003,0.029935,0.075454,2.873630,9.152921,11.001472,10.911353,22.060184,-16.297269,21.98317082
002,002A.jpg,,SET_A_MEAN_TEMPLATE,0.074432,142.236954,179.760986,208.797791,0.119800,0.034289,0.022901,0.016226,0.015689,0.014057,0.013510,0.014032,0.016215,0.015946,0.016253,0.016329,0.017218,0.020993,0.029575,0.110012,0.123623,0.030617,0.022512,0.016994,0.016926,0.016001,0.016195,0.016112,0.014238,0.012856,0.014257,0.015756,0.017173,0.019826,0.035625,0.118246,3.069944,9.472328,12.018700,12.145086,-25.268583,16.889990,24.22877883
003,003A.jpg,,SET_A_MEAN_TEMPLATE,0.681468,148.082275,110.818344,57.311646,0.028683,0.028832,0.025990,0.023287,0.022309,0.022317,0.021133,0.022608,0.030811,0.032294,0.038323,0.048667,0.059368,0.069372,0.066872,0.053429,0.049667,0.036458,0.033390,0.027801,0.025472,0.020826,0.019534,0.018529,0.020387,0.018703,0.018915,0.018072,0.023296,0.022649,0.024501,0.027506,1.773114,6.497323,8.008738,7.990632,15.997770,11.247943,-16.7262664
004,004A.jpg,,SET_A_MEAN_TEMPLATE,0.483305,184.066849,147.374390,114.570374,0.026112,0.078287,0.053879,0.024367,0.025143,0.023534,0.021097,0.020903,0.024190,0.026065,0.040698,0.034083,0.021418,0.020865,0.025470,0.031607,0.060833,0.028246,0.025320,0.024985,0.022030,0.019506,0.020865,0.050425,0.030131,0.018895,0.020818,0.028242,0.048336,0.047119,0.030990,0.025542,2.484279,7.094235,9.564039,9.330112,19.074642,12.887075,18.84086218
005,005A.jpg,,SET_A_MEAN_TEMPLATE,0.589930,148.904861,114.630325,81.674133,0.089408,0.068640,0.054343,0.037481,0.026382,0.019225,0.015832,0.012456,0.010788,0.008753,0.007796,0.006981,0.006844,0.005829,0.006195,0.006242,0.006398,0.006749,0.007410,0.009278,0.012270,0.014562,0.019149,0.025482,0.033837,0.042127,0.046329,0.056486,0.070524,0.079420,0.089761,0.097020,2.064163,6.363685,8.003994,8.573810,17.475517,11.755883,-16.8760288
006,006A.jpg,,SET_A_MEAN_TEMPLATE,0.126296,91.244492,89.211105,91.194824,0.052266,0.049371,0.041111,0.033153,0.029696,0.027430,0.023891,0.022240,0.017835,0.015409,0.014612,0.015228,0.014486,0.014698,0.013686,0.015458,0.018581,0.028164,0.028056,0.040364,0.044176,0.042655,0.032300,0.029613,0.026736,0.029225,0.032602,0.035749,0.047132,0.053029,0.055756,0.055295,2.950105,8.214208,11.107179,11.930993,23.488299,16.390923,-23.84614353
007,007A.jpg,,SET_A_MEAN_TEMPLATE,0.181824,98.891296,98.857285,98.638382,0.181367,0.009723,0.008849,0.008653,0.014045,0.020443,0.027984,0.011373,0.016242,0.031482,0.017155,0.007667,0.005887,0.006508,0.007476,0.133198,0.173838,0.008591,0.006204,0.004986,0.007857,0.017992,0.026993,0.017729,0.015787,0.023695,0.016304,0.011947,0.007675,0.007188,0.010072,0.135091,2.745899,10.395035,13.230382,12.105418,25.175544,-17.302968,-24.81036638
008,008A.jpg,,SET_A_MEAN_TEMPLATE,0.269383,204.025024,207.522095,209.093323,0.090457,0.027864,0.031067,0.036767,0.035222,0.027603,0.026546,0.028865,0.032411,0.024740,0.024911,0.022498,0.019930,0.015570,0.011209,0.009405,0.010572,0.012079,0.011255,0.010207,0.011908,0.013938,0.023328,0.031154,0.048934,0.061591,0.052958,0.060559,0.055830,0.027567,0.024924,0.078131,2.579409,8.504969,10.278025,10.508759,-21.179104,-14.783429,20.97327777
009,009A.jpg,,SET_A_MEAN_TEMPLATE,0.210383,125.348465,47.628342,54.647827,0.008746,0.005796,0.004035,0.003640,0.003673,0.003754,0.004384,0.006002,0.006792,0.009713,0.014779,0.026213,0.042558,0.097780,0.173657,0.106153,0.071761,0.044338,0.034579,0.027831,0.027112,0.026118,0.021720,0.020098,0.016559,0.014254,0.017177,0.022375,0.030453,0.035078,0.060551,0.012321,2.609466,6.744735,9.125429,9.734981,19.910456,-13.115664,19.17231934
010,010A.jpg,,SET_A_MEAN_TEMPLATE,0.295947,160.543152,166.221191,161.483337,0.083028,0.016763,0.017293,0.023692,0.021478,0.014006,0.012155,0.007191,0.006792,0.005084,0.004933,0.004475,0.005085,0.008642,0.017193,0.231054,0.302365,0.018386,0.009525,0.005818,0.006292,0.008398,0.005740,0.009716,0.007963,0.007071,0.010149,0.009287,0.009207,0.009016,0.018163,0.084042,2.706182,7.804739,10.382067,10.760832,21.407300,14.719201,21.59950109
011,011A.jpg,,SET_A_MEAN_TEMPLATE,0.227404,116.803391,118.626251,112.536301,0.257562,0.173191,0.095773,0.042570,0.015941,0.008567,0.003202,0.002095,0.001919,0.001457,0.001390,0.001516,0.001248,0.001257,0.001540,0.001731,0.002486,0.004218,0.005696,0.004573,0.002825,0.002120,0.001732,0.001685,0.001993,0.002324,0.003002,0.004298,0.009657,0.018236,0.059843,0.264352,2.764580,9.796465,10.325398,10.281323,-21.183942,-15.598970,20.5988866
012,012A.jpg,,SET_A_MEAN_TEMPLATE,0.141634,120.519608,111.763184,98.873489,0.188417,0.102311,0.065364,0.036756,0.022624,0.017079,0.012324,0.011336,0.008882,0.007190,0.007024,0.006075,0.006264,0.005613,0.005870,0.007919,0.007155,0.008377,0.006137,0.006227,0.006143,0.007035,0.007023,0.008769,0.009660,0.012923,0.016787,0.022118,0.031417,0.054854,0.100345,0.183983,2.843784,8.201980,11.355864,12.790339,25.235923,17.109810,-24.90650318
013,013A.jpg,,SET_A_MEAN_TEMPLATE,0.063296,120.047058,88.238602,71.682892,0.373394,0.064475,0.029218,0.016518,0.010229,0.006832,0.004811,0.003414,0.003261,0.002652,0.002830,0.002685,0.002889,0.003342,0.005722,0.008536,0.007909,0.004187,0.003264,0.002868,0.002307,0.002891,0.003455,0.004041,0.004309,0.004930,0.007040,0.008919,0.014571,0.026531,0.053964,0.308007,3.071597,8.549877,12.061961,12.106151,24.354723,-16.386640,-24.32756813
014,014A.jpg,,SET_A_MEAN_TEMPLATE,0.064026,142.527130,138.366882,129.681000,0.190206,0.069327,0.029167,0.017424,0.012434,0.009991,0.008915,0.007147,0.009032,0.008828,0.008205,0.009460,0.012779,0.015259,0.020496,0.051101,0.049929,0.017563,0.011419,0.009136,0.008143,0.006865,0.006913,0.007408,0.007736,0.009202,0.010823,0.013478,0.019158,0.037131,0.094529,0.210798,3.204228,8.757508,11.516668,12.696290,-24.808884,-17.075255,-25.5809061
015,015A.jpg,,SET_A_MEAN_TEMPLATE,0.095829,160.109634,122.107269,81.601563,0.293100,0.049736,0.022302,0.014962,0.011591,0.009659,0.008154,0.006671,0.006408,0.006277,0.006138,0.007637,0.009473,0.013990,0.020394,0.014566,0.007538,0.004288,0.003500,0.002836,0.002691,0.002498,0.002581,0.002862,0.003157,0.003966,0.005054,0.007170,0.012220,0.019363,0.047785,0.371434,3.024269,10.007649,12.025777,11.933411,23.954901,-17.167247,24.29090924
016,016A.jpg,,SET_A_MEAN_TEMPLATE,0.263914,195.325485,198.072113,194.868973,0.049102,0.027552,0.023858,0.022790,0.024509,0.022013,0.021423,0.022570,0.025515,0.026945,0.033112,0.037850,0.038619,0.034201,0.034645,0.040309,0.036999,0.037959,0.041680,0.037453,0.033288,0.031927,0.029434,0.023640,0.026191,0.024918,0.026487,0.028474,0.026969,0.029622,0.029835,0.050111,2.787817,7.761213,13.705529,10.460494,22.950356,14.355528,22.57970944
017,017A.jpg,,SET_A_MEAN_TEMPLATE,0.505816,191.557159,182.560394,160.620026,0.042313,0.047361,0.050269,0.049717,0.047122,0.044890,0.040146,0.036245,0.032206,0.028589,0.026346,0.023339,0.022679,0.022287,0.023037,0.022969,0.024307,0.025188,0.026054,0.026167,0.026731,0.025783,0.026337,0.025325,0.025874,0.026708,0.026687,0.028643,0.027985,0.029934,0.032826,0.035935,2.133926,7.565913,9.167181,9.438086,-18.856320,13.970060,18.93285818
018,018A.jpg,,SET_A_MEAN_TEMPLATE,0.102431,91.830353,50.611191,31.104050,0.036098,0.031295,0.024106,0.020386,0.018851,0.015286,0.015004,0.014577,0.014530,0.017131,0.018134,0.020876,0.026117,0.036723,0.058350,0.111577,0.137206,0.078612,0.044520,0.028489,0.023102,0.017832,0.015623,0.013629,0.013754,0.014345,0.014602,0.016249,0.018490,0.021078,0.026783,0.036643,2.769117,8.783459,10.912047,11.151945,-22.402213,16.350867,-22.28288987
019,019A.jpg,,SET_A_MEAN_TEMPLATE,0.086264,66.245453,56.688019,68.495773,0.036453,0.034783,0.032751,0.030608,0.027734,0.027372,0.027583,0.031444,0.037931,0.041281,0.052831,0.057605,0.042310,0.027830,0.026435,0.028275,0.029417,0.031606,0.034655,0.034142,0.031969,0.029728,0.023181,0.022660,0.021990,0.018955,0.021264,0.020953,0.024507,0.026196,0.029917,0.035632,2.802548,7.570532,10.695656,9.729756,20.137641,13.572870,-20.0559526
020,020A.jpg,,SET_A_MEAN_TEMPLATE,0.329293,132.867584,136.501389,143.398911,0.116265,0.052126,0.091330,0.049966,0.014114,0.009026,0.006045,0.003874,0.003903,0.003405,0.004186,0.006840,0.014133,0.076786,0.149262,0.014046,0.009506,0.005413,0.054764,0.045773,0.031607,0.016012,0.007530,0.004737,0.006231,0.011329,0.008421,0.023233,0.066930,0.020044,0.060975,0.012187,2.596489,7.038694,10.519929,12.591770,-24.388459,-16.223418,-24.23453398
021,021A.jpg,,SET_A_MEAN_TEMPLATE,0.041813,128.788116,128.181564,126.931015,0.219634,0.037211,0.024290,0.022734,0.020933,0.021698,0.020124,0.020083,0.019279,0.016217,0.014492,0.014294,0.013834,0.015816,0.021797,0.028136,0.025566,0.022835,0.016981,0.016743,0.015822,0.014974,0.015373,0.017326,0.019053,0.018846,0.019528,0.019859,0.019779,0.022528,0.034291,0.169924,3.360277,9.763013,13.096881,12.712435,25.682072,17.657814,-25.91066816
022,022A.jpg,,SET_A_MEAN_TEMPLATE,0.137917,105.976669,120.431503,150.746048,0.115091,0.034431,0.017122,0.011169,0.009550,0.007916,0.006795,0.006928,0.006847,0.007161,0.007476,0.009279,0.012630,0.020652,0.047362,0.215463,0.205353,0.044438,0.018770,0.011977,0.009132,0.008162,0.006180,0.006298,0.005977,0.005717,0.007003,0.008035,0.011198,0.015790,0.027707,0.072389,2.959496,9.569015,11.599216,11.702904,23.848031,-16.527126,-23.37751268
023,023A.jpg,,SET_A_MEAN_TEMPLATE,0.097800,161.854706,163.542526,164.176285,0.017552,0.016703,0.018117,0.019177,0.023641,0.023256,0.027442,0.030734,0.033590,0.036294,0.039852,0.039240,0.035283,0.033232,0.033483,0.035267,0.035395,0.034394,0.034388,0.037618,0.042572,0.046648,0.047294,0.046640,0.042282,0.037211,0.029602,0.025198,0.021550,0.019949,0.018856,0.017538,3.065521,9.857780,12.425727,13.059843,-25.965586,-18.041253,-25.94130079
024,024A.jpg,,SET_A_MEAN_TEMPLATE,0.377371,188.558762,197.978119,208.947067,0.008035,0.006980,0.005104,0.004858,0.004118,0.003987,0.004932,0.005410,0.007759,0.010900,0.013683,0.020188,0.028863,0.053537,0.099128,0.167590,0.141252,0.061788,0.041258,0.025889,0.017562,0.016591,0.025407,0.031171,0.041789,0.044083,0.041977,0.026824,0.016202,0.009037,0.007412,0.006684,2.550846,6.302258,8.622905,9.809516,19.402060,-14.016742,19.06795869
025,025A.jpg,,SET_A_MEAN_TEMPLATE,0.170649,87.733536,92.233261,99.177063,0.105070,0.016427,0.010553,0.009197,0.017556,0.020820,0.015772,0.066142,0.053908,0.054664,0.040007,0.028847,0.025044,0.022038,0.013350,0.020572,0.020746,0.012102,0.016657,0.030708,0.027226,0.030419,0.056714,0.053268,0.066098,0.015052,0.016803,0.018193,0.008831,0.010207,0.014811,0.082199,2.924475,8.047511,10.603162,10.897134,21.647538,-14.987100,-23.11096819
026,026A.jpg,,SET_A_MEAN_TEMPLATE,0.103679,130.878052,109.082520,103.373169,0.130553,0.043314,0.024184,0.018793,0.016925,0.014585,0.013826,0.012408,0.011786,0.012523,0.011845,0.012129,0.013082,0.014709,0.025420,0.081857,0.115583,0.029326,0.023851,0.021421,0.016645,0.016062,0.013345,0.014695,0.016026,0.014809,0.015133,0.016891,0.019629,0.025694,0.043415,0.139540,3.034381,9.033664,10.792603,11.746594,23.323655,16.275158,23.07655921
027,027A.jpg,,SET_A_MEAN_TEMPLATE,0.069766,133.995392,125.451569,111.611069,0.032382,0.033484,0.028614,0.026601,0.026177,0.025620,0.026264,0.026140,0.029219,0.028599,0.027940,0.030237,0.032319,0.031234,0.037043,0.068194,0.064285,0.037092,0.032356,0.031519,0.032038,0.029694,0.024824,0.023709,0.023704,0.023317,0.024988,0.024886,0.025169,0.026918,0.028496,0.036938,3.181856,8.600370,11.778560,11.727390,-23.486467,-16.317085,24.2590743
028,028A.jpg,,SET_A_MEAN_TEMPLATE,0.269854,73.679932,96.643112,115.029343,0.176636,0.035686,0.017979,0.011539,0.008760,0.007295,0.005950,0.006688,0.006779,0.006724,0.008311,0.008918,0.011764,0.017564,0.035478,0.136316,0.117392,0.036281,0.018958,0.013745,0.012647,0.010117,0.008652,0.008537,0.007063,0.007975,0.008529,0.009290,0.013093,0.019336,0.035386,0.170612,2.629893,7.859886,9.959970,10.607763,-21.021737,-14.571711,21.06467128
029,029A.jpg,,SET_A_MEAN_TEMPLATE,0.238153,184.847092,158.877213,114.922440,0.103450,0.046107,0.028987,0.022547,0.017713,0.015124,0.013958,0.012258,0.012788,0.012902,0.016200,0.020730,0.024804,0.029433,0.050923,0.090620,0.105017,0.054025,0.031963,0.020714,0.016639,0.012862,0.011820,0.010006,0.008436,0.009121,0.011091,0.012483,0.017101,0.022538,0.037695,0.099945,2.747182,8.203428,11.005922,12.332832,-24.112860,-16.434863,24.20158778
030,030A.jpg,,SET_A_MEAN_TEMPLATE,0.150906,92.072189,74.188278,43.627487,0.028292,0.032238,0.029686,0.025641,0.028088,0.029628,0.029725,0.027710,0.026933,0.025876,0.028644,0.028240,0.029911,0.034027,0.047071,0.058213,0.050416,0.038268,0.038565,0.034956,0.034752,0.030787,0.031491,0.026931,0.024899,0.027556,0.026039,0.026865,0.023633,0.020528,0.024995,0.029395,2.774082,7.704948,10.000310,10.224264,20.374733,14.078894,20.73280684
031,031A.jpg,,SET_A_MEAN_TEMPLATE,0.370556,162.501236,148.467239,125.855560,0.038652,0.024897,0.017359,0.015021,0.032375,0.044124,0.015267,0.014395,0.023191,0.027828,0.046491,0.059795,0.035426,0.019276,0.016983,0.037466,0.039156,0.015825,0.016135,0.029026,0.068888,0.073611,0.031084,0.021599,0.022912,0.028541,0.047464,0.024049,0.016020,0.017959,0.029709,0.049477,2.659536,7.362047,9.825957,10.267176,-21.898467,-13.948626,-20.31388968
032,032A.jpg,,SET_A_MEAN_TEMPLATE,0.056483,186.733444,182.069382,174.575806,0.041810,0.018921,0.021420,0.030010,0.070934,0.037479,0.024199,0.021250,0.020219,0.020936,0.039096,0.043401,0.017451,0.018357,0.019742,0.056085,0.063242,0.019969,0.014664,0.018484,0.042848,0.035881,0.019696,0.019225,0.023833,0.025249,0.040041,0.068768,0.026204,0.017544,0.018119,0.044925,3.254369,9.013517,12.006140,11.911956,23.958734,-16.428767,-24.11019661
033,033A.jpg,,SET_A_MEAN_TEMPLATE,0.123037,222.801147,169.401810,170.396042,0.058868,0.014078,0.010449,0.025428,0.090379,0.064171,0.027066,0.013462,0.012469,0.023027,0.052856,0.049715,0.013757,0.013188,0.019391,0.055918,0.051501,0.017159,0.010733,0.014606,0.049480,0.029919,0.010296,0.007865,0.010740,0.018978,0.054028,0.085104,0.021168,0.010491,0.009450,0.054259,2.924792,8.405707,12.374425,12.669213,-25.537960,16.873049,-25.24011995
034,034A.jpg,,SET_A_MEAN_TEMPLATE,0.252620,143.546265,108.286774,95.776855,0.046474,0.024965,0.017220,0.026749,0.038975,0.024544,0.014015,0.011810,0.014795,0.021487,0.031512,0.023296,0.026298,0.024936,0.058639,0.087894,0.076716,0.044338,0.023831,0.020699,0.023266,0.036294,0.022346,0.014432,0.015503,0.017026,0.028226,0.080212,0.038069,0.019452,0.018311,0.027671,2.824815,7.040686,9.865687,9.787560,19.614648,13.645909,-20.94901632
035,035A.jpg,,SET_A_MEAN_TEMPLATE,0.218344,86.895859,88.525482,64.054749,0.050557,0.050445,0.041374,0.034239,0.031236,0.026963,0.025500,0.024650,0.024406,0.023643,0.023002,0.025016,0.028055,0.030693,0.037669,0.059710,0.053046,0.037208,0.031080,0.027760,0.025702,0.021722,0.019491,0.019934,0.019869,0.020052,0.021745,0.023787,0.026837,0.032326,0.037439,0.044843,2.635888,7.723300,9.947320,9.966606,20.038731,-13.903688,-20.1163352
036,036A.jpg,,SET_A_MEAN_TEMPLATE,0.114731,174.685089,188.561661,208.532928,0.065331,0.042530,0.035461,0.030489,0.029791,0.027702,0.029940,0.028395,0.026093,0.025786,0.027548,0.030460,0.031754,0.035901,0.041448,0.073331,0.062374,0.033626,0.027389,0.021572,0.018031,0.016709,0.015452,0.015233,0.016456,0.016607,0.016673,0.018803,0.023920,0.025552,0.031793,0.057849,2.962038,10.924236,11.051481,11.425126,-22.809086,-16.956535,-22.81891517
037,037A.jpg,,SET_A_MEAN_TEMPLATE,0.057249,91.376801,91.668106,92.877228,0.073873,0.043905,0.027241,0.020267,0.017514,0.019435,0.026822,0.034089,0.037799,0.033306,0.025445,0.020218,0.017637,0.020706,0.035706,0.063757,0.057418,0.035579,0.021718,0.017813,0.018093,0.019004,0.031386,0.039517,0.038984,0.028666,0.018322,0.015658,0.017000,0.023781,0.035283,0.064059,3.112206,8.612750,11.763248,11.254265,-22.776078,-15.566095,-23.37998472
038,038A.jpg,,SET_A_MEAN_TEMPLATE,0.266180,163.002075,171.150330,182.340988,0.054352,0.013141,0.007390,0.005356,0.005288,0.004685,0.005766,0.006095,0.007739,0.008083,0.010481,0.013435,0.018112,0.033413,0.078283,0.212061,0.217911,0.074742,0.033396,0.026963,0.019739,0.010219,0.008003,0.008082,0.006285,0.005605,0.005728,0.007772,0.006197,0.008352,0.013799,0.063529,2.916628,7.264263,10.696043,11.355781,22.652770,15.193515,22.4551407
039,039A.jpg,,SET_A_MEAN_TEMPLATE,0.250752,111.855179,143.759811,147.352844,0.033768,0.032835,0.050150,0.058312,0.043693,0.037840,0.028101,0.023979,0.022565,0.021586,0.021944,0.022132,0.023513,0.022236,0.031818,0.055818,0.054076,0.027614,0.021224,0.017986,0.018331,0.018450,0.017431,0.017844,0.020885,0.026005,0.033273,0.040976,0.053579,0.039684,0.028520,0.033831,2.728133,7.047761,9.615348,10.130867,20.278550,13.749418,-20.0760305
040,040A.jpg,,SET_A_MEAN_TEMPLATE,0.031569,62.122086,50.058609,44.119293,0.044398,0.032276,0.030191,0.031743,0.033674,0.037491,0.049551,0.066190,0.065740,0.044018,0.031364,0.022243,0.017393,0.013811,0.012873,0.013933,0.012536,0.012930,0.012296,0.014416,0.018599,0.024929,0.033228,0.045229,0.051587,0.041549,0.033218,0.028008,0.025102,0.026193,0.027556,0.045737,3.132337,8.641494,11.335541,11.548425,23.017908,16.419791,23.45271514
041,041A.jpg,,SET_A_MEAN_TEMPLATE,0.506858,199.200333,175.746506,135.892090,0.150611,0.022283,0.020237,0.030646,0.019396,0.014043,0.013323,0.016634,0.020975,0.019484,0.017784,0.023959,0.031253,0.038634,0.027055,0.034224,0.035381,0.023355,0.029528,0.028720,0.023628,0.023591,0.033311,0.035932,0.021148,0.023334,0.025156,0.021836,0.031970,0.022096,0.019181,0.101294,2.025133,5.541890,7.851382,9.286351,18.089906,12.535590,-17.94522517
042,042A.jpg,,SET_A_MEAN_TEMPLATE,0.223657,183.240768,183.583374,178.509781,0.037944,0.037823,0.039528,0.036631,0.034579,0.025030,0.025156,0.021416,0.022318,0.024314,0.028168,0.035037,0.026846,0.028522,0.026965,0.035777,0.032920,0.027758,0.022045,0.021049,0.027857,0.025993,0.021352,0.023738,0.029779,0.026385,0.032691,0.042900,0.042899,0.044828,0.050012,0.041739,2.693411,8.737046,9.721702,10.533823,-21.174727,-15.244195,20.68305251
043,043A.jpg,,SET_A_MEAN_TEMPLATE,0.451754,126.024963,100.352142,73.992966,0.060850,0.094958,0.026175,0.008002,0.005420,0.004536,0.005965,0.065087,0.053019,0.004934,0.004098,0.005202,0.006271,0.027639,0.089543,0.058165,0.071262,0.053424,0.028855,0.005546,0.004101,0.003441,0.003941,0.030979,0.086713,0.005022,0.003922,0.004443,0.007324,0.024259,0.103459,0.043445,2.356872,8.125357,9.835182,9.612029,19.543422,15.597831,-19.44087439
044,044A.jpg,,SET_A_MEAN_TEMPLATE,0.302080,146.875778,86.090286,57.258301,0.097128,0.004157,0.002412,0.001874,0.001756,0.001904,0.003227,0.040362,0.021537,0.002522,0.001789,0.001347,0.001561,0.002672,0.003141,0.069376,0.114215,0.003966,0.003008,0.003889,0.091834,0.015140,0.007008,0.054002,0.181728,0.007013,0.011524,0.111176,0.006342,0.003026,0.004455,0.124909,2.747020,7.126688,11.094555,11.344943,-23.280826,-15.248538,22.57286931
045,045A.jpg,,SET_A_MEAN_TEMPLATE,0.029764,25.126144,25.126144,25.126144,0.031171,0.030620,0.030783,0.030978,0.031030,0.030512,0.031274,0.031393,0.033872,0.031822,0.032755,0.030132,0.032751,0.031340,0.032551,0.028709,0.029243,0.032657,0.031597,0.031738,0.032666,0.031978,0.032456,0.029445,0.032749,0.032794,0.031414,0.031289,0.030051,0.030404,0.029102,0.028724,2.999180,10.893999,14.273086,14.430082,29.418190,19.894637,28.76219387
046,046A.jpg,,SET_A_MEAN_TEMPLATE,0.093250,130.240616,126.680618,113.484482,0.024685,0.021115,0.026968,0.056369,0.072831,0.058373,0.029707,0.019575,0.016760,0.015005,0.013878,0.015913,0.015331,0.016616,0.019258,0.024409,0.032490,0.028858,0.026457,0.024165,0.025534,0.025739,0.027115,0.032556,0.038712,0.042855,0.047309,0.048299,0.048989,0.043958,0.033094,0.027077,3.048598,8.755179,12.286561,12.272209,24.749953,-16.717788,-24.66292474
047,047A.jpg,,SET_A_MEAN_TEMPLATE,0.089036,82.975998,104.007126,127.121658,0.013060,0.037143,0.087119,0.043155,0.036327,0.028782,0.025122,0.025150,0.027990,0.029028,0.020643,0.012247,0.011922,0.012413,0.015974,0.070713,0.108258,0.023855,0.014801,0.010124,0.009583,0.011185,0.013581,0.021220,0.033519,0.042246,0.066858,0.081347,0.031737,0.013797,0.010647,0.010453,3.018852,9.813019,11.857437,11.865120,23.907548,-17.513444,-23.85007085
048,048A.jpg,,SET_A_MEAN_TEMPLATE,0.139342,184.024200,200.279785,212.463608,0.006058,0.006553,0.007239,0.009590,0.011475,0.040291,0.079927,0.212852,0.122076,0.015836,0.009957,0.007695,0.007438,0.005931,0.004917,0.004924,0.005068,0.004209,0.005860,0.005867,0.006930,0.009422,0.020430,0.120248,0.158022,0.040006,0.026147,0.013322,0.010443,0.008419,0.006336,0.006513,2.886741,10.005849,11.953874,11.875078,23.997787,-16.892098,23.8945157
049,049A.jpg,,SET_A_MEAN_TEMPLATE,0.223853,142.164261,142.538971,141.752655,0.280500,0.023297,0.014312,0.008924,0.008087,0.007757,0.007614,0.008087,0.008332,0.007904,0.007806,0.009587,0.010286,0.012688,0.019470,0.058444,0.061148,0.020896,0.014022,0.011682,0.010720,0.009835,0.008737,0.009614,0.008833,0.009162,0.011053,0.011337,0.011547,0.015081,0.026444,0.266794,2.881999,7.917834,11.299566,10.650560,-22.146725,14.626162,21.64627914
050,050A.jpg,,SET_A_MEAN_TEMPLATE,0.241759,184.181412,186.317001,189.261429,0.262771,0.041475,0.024207,0.015249,0.011029,0.009236,0.007746,0.006563,0.006780,0.005776,0.006522,0.006516,0.006613,0.010608,0.017368,0.051237,0.042336,0.015672,0.010402,0.009035,0.009030,0.006977,0.006777,0.005335,0.006487,0.006827,0.008634,0.010916,0.015950,0.023387,0.038366,0.294173,2.820288,7.920574,10.176194,9.966395,-20.150162,-14.275232,-20.23435807
051,051A.jpg,,SET_A_MEAN_TEMPLATE,0.185172,81.870193,38.067612,35.234543,0.067595,0.029094,0.019573,0.013663,0.010581,0.009275,0.008934,0.009126,0.010828,0.010602,0.015944,0.017967,0.026423,0.046262,0.133854,0.157441,0.058550,0.023890,0.015904,0.011322,0.010941,0.010277,0.010298,0.011547,0.012486,0.016867,0.023743,0.032129,0.028756,0.029351,0.037913,0.078863,2.524008,6.777083,9.248499,9.616687,-19.050295,-13.005332,20.21505029
052,052A.jpg,,SET_A_MEAN_TEMPLATE,0.230443,116.729538,180.233826,184.914047,0.097851,0.057682,0.036693,0.016857,0.011892,0.009795,0.009215,0.009311,0.011874,0.012888,0.016751,0.022347,0.030184,0.041041,0.054051,0.078795,0.078358,0.053420,0.039729,0.030236,0.022448,0.016813,0.013574,0.010994,0.008953,0.009035,0.009595,0.011028,0.016545,0.035837,0.052094,0.074114,2.836662,9.188564,10.073461,10.033255,20.091063,14.829239,-20.9330531
053,053A.jpg,,SET_A_MEAN_TEMPLATE,0.052841,97.121109,96.805359,95.360565,0.018150,0.019988,0.019585,0.022285,0.025364,0.029229,0.035409,0.036188,0.036794,0.036985,0.035856,0.034848,0.034258,0.037357,0.034895,0.037687,0.038617,0.037390,0.036837,0.035056,0.036294,0.036757,0.038057,0.037792,0.038268,0.033849,0.028274,0.025768,0.021630,0.020800,0.019713,0.020021,3.171092,8.645247,11.574506,11.901640,25.295251,16.447947,23.63981829
054,054A.jpg,,SET_A_MEAN_TEMPLATE,0.124926,150.968414,153.413330,164.256561,0.138475,0.059404,0.031350,0.021042,0.016034,0.012852,0.011855,0.010899,0.010082,0.010678,0.011248,0.013045,0.015394,0.020935,0.034612,0.155800,0.119801,0.028132,0.016020,0.012571,0.009294,0.008897,0.007317,0.007666,0.008359,0.008267,0.009478,0.012190,0.015534,0.022386,0.041294,0.099090,3.034163,9.212316,11.849990,11.978885,23.916258,16.755265,-24.39280017
055,055A.jpg,,SET_A_MEAN_TEMPLATE,0.093257,137.163010,136.770615,136.651627,0.032897,0.024352,0.019612,0.016365,0.016403,0.015644,0.017559,0.018291,0.023964,0.029719,0.038034,0.045040,0.052370,0.059829,0.071695,0.079609,0.071522,0.050756,0.040440,0.033178,0.030102,0.024971,0.022404,0.020442,0.016339,0.016159,0.014547,0.014756,0.014324,0.016420,0.021686,0.030570,3.008027,8.732218,11.519665,11.620038,23.800945,16.047520,23.20331774
056,056A.jpg,,SET_A_MEAN_TEMPLATE,0.220348,101.541809,104.033447,105.816147,0.198158,0.085011,0.054950,0.026971,0.017537,0.014046,0.012066,0.010959,0.013630,0.014697,0.015151,0.016299,0.019555,0.021127,0.023881,0.019944,0.012748,0.023473,0.039175,0.021997,0.016440,0.013590,0.013577,0.015532,0.015225,0.012274,0.011309,0.011835,0.013894,0.018034,0.040236,0.156678,2.716763,7.772312,10.117517,11.669411,22.661062,-15.835740,22.78247325
057,057A.jpg,,SET_A_MEAN_TEMPLATE,0.326397,164.041473,163.486511,164.400345,0.046769,0.022912,0.015089,0.013210,0.011977,0.009721,0.009445,0.009495,0.010013,0.012193,0.012060,0.016796,0.023721,0.039087,0.074012,0.220064,0.203319,0.046565,0.026341,0.017615,0.012087,0.009880,0.008886,0.007338,0.008421,0.007285,0.007315,0.008166,0.010737,0.012322,0.019767,0.047389,2.824428,7.322551,10.881142,10.499249,-22.016366,-14.348259,21.19431643
058,058A.jpg,,SET_A_MEAN_TEMPLATE,0.055330,128.393448,128.065872,133.779556,0.112103,0.038577,0.026169,0.020229,0.018558,0.014640,0.015113,0.014693,0.013816,0.013436,0.014069,0.015793,0.017419,0.021408,0.027209,0.055612,0.064386,0.046645,0.041791,0.036326,0.030991,0.028310,0.026052,0.022064,0.019403,0.018554,0.019004,0.019415,0.022799,0.027128,0.040904,0.097384,3.205116,9.390118,13.065356,12.399617,-26.000380,17.867043,25.13611727
059,059A.jpg,,SET_A_MEAN_TEMPLATE,0.080208,203.527802,202.178497,199.215088,0.029764,0.022088,0.017353,0.015019,0.014937,0.015159,0.014426,0.015162,0.016439,0.017849,0.020889,0.024908,0.030440,0.041702,0.076120,0.134633,0.128058,0.073136,0.042646,0.030243,0.024044,0.019805,0.017102,0.014910,0.015571,0.014142,0.014344,0.014070,0.015083,0.017775,0.022837,0.029349,3.087651,8.936015,14.616343,12.553421,26.177790,-17.468543,26.52742308
060,060A.jpg,,SET_A_MEAN_TEMPLATE,0.045685,148.201294,138.183380,126.997803,0.037577,0.034679,0.033498,0.032050,0.033160,0.031253,0.030338,0.030572,0.027344,0.029569,0.026857,0.028559,0.028289,0.028590,0.029274,0.038771,0.038591,0.029740,0.027129,0.028345,0.028201,0.028079,0.027457,0.028026,0.030145,0.029319,0.030490,0.032417,0.033043,0.034321,0.037191,0.037127,3.185239,9.446125,13.105594,13.120057,-26.807164,-18.054704,26.24878255
061,061A.jpg,,SET_A_MEAN_TEMPLATE,0.200338,138.106567,138.004547,137.887070,0.101110,0.026962,0.014556,0.009894,0.007987,0.006970,0.005986,0.005286,0.006917,0.005865,0.006488,0.006870,0.009135,0.011854,0.021776,0.125543,0.272864,0.055551,0.016783,0.011710,0.009594,0.008031,0.008400,0.007440,0.007883,0.007932,0.007917,0.009582,0.012327,0.017097,0.035163,0.138527,2.924471,10.415718,11.604925,11.740493,-23.972265,17.240309,-23.4304091
062,062A.jpg,,SET_A_MEAN_TEMPLATE,0.115946,116.792831,117.544800,118.613022,0.184724,0.048959,0.030434,0.022053,0.017910,0.013345,0.011393,0.010269,0.008970,0.008681,0.008134,0.008117,0.007947,0.008916,0.009626,0.011595,0.013159,0.013311,0.016319,0.024662,0.030805,0.035583,0.028992,0.027231,0.025579,0.022043,0.021074,0.021105,0.024653,0.030976,0.053729,0.199707,3.104026,7.590469,12.857523,11.316934,23.719779,15.267753,23.46197988
063,063A.jpg,,SET_A_MEAN_TEMPLATE,0.055706,152.966980,159.369064,166.096298,0.027707,0.030149,0.036266,0.040832,0.046391,0.052941,0.057898,0.053821,0.043185,0.027680,0.020891,0.017577,0.013917,0.011884,0.010478,0.010329,0.010569,0.010980,0.012236,0.014162,0.017009,0.020204,0.029394,0.041000,0.052968,0.056202,0.051920,0.046542,0.040277,0.035370,0.031594,0.027627,3.276465,9.709365,12.571286,14.332016,27.816809,-19.186902,-28.18494699
064,064A.jpg,,SET_A_MEAN_TEMPLATE,0.045626,163.587601,163.587601,163.587601,0.019221,0.014786,0.010835,0.010324,0.009539,0.008535,0.009072,0.011479,0.015153,0.016748,0.018463,0.023643,0.033621,0.050832,0.064351,0.176930,0.178337,0.064138,0.051876,0.036779,0.023004,0.019158,0.017787,0.016043,0.012951,0.010245,0.009793,0.010844,0.010347,0.010514,0.016800,0.017852,3.327673,9.461562,12.812523,12.523707,25.214006,17.276528,-25.69809404
065,065A.jpg,,SET_A_MEAN_TEMPLATE,0.071616,75.101013,83.621078,96.459290,0.029204,0.027105,0.027190,0.025549,0.025069,0.025113,0.024487,0.025505,0.025044,0.026628,0.028348,0.032552,0.034633,0.039616,0.044175,0.050342,0.052225,0.049248,0.041107,0.034690,0.033970,0.031938,0.028000,0.026423,0.026198,0.026016,0.026271,0.025001,0.026224,0.026404,0.027353,0.028374,2.996503,8.149675,11.596880,11.251263,-23.293371,15.351340,22.68832405
066,066A.jpg,,SET_A_MEAN_TEMPLATE,0.166058,117.546051,145.074829,156.567978,0.325792,0.022874,0.011641,0.009280,0.006994,0.006470,0.005729,0.005527,0.006141,0.006308,0.006890,0.008582,0.010902,0.017357,0.022442,0.086764,0.088276,0.030862,0.018509,0.011221,0.006947,0.006540,0.006228,0.005973,0.005089,0.005049,0.006135,0.008962,0.010325,0.018919,0.022195,0.189078,2.866932,8.670615,11.377449,11.844748,25.308776,16.942259,23.45588917
067,067A.jpg,,SET_A_MEAN_TEMPLATE,0.512812,120.288254,136.239822,163.391891,0.100696,0.011922,0.007309,0.007755,0.007112,0.009049,0.017925,0.101387,0.119998,0.032113,0.010483,0.010345,0.009122,0.015681,0.044500,0.053046,0.054837,0.034210,0.008292,0.007447,0.006723,0.020432,0.066814,0.016562,0.050189,0.041952,0.012353,0.007040,0.007287,0.008438,0.016527,0.082453,2.386331,7.021938,9.832659,9.974251,19.887998,14.231920,20.54494748
068,068A.jpg,,SET_A_MEAN_TEMPLATE,0.462469,163.579727,187.782883,219.412460,0.031323,0.032308,0.033651,0.035030,0.033340,0.030513,0.031040,0.033723,0.030172,0.034189,0.031959,0.029938,0.025629,0.025056,0.026427,0.024810,0.026803,0.028277,0.037712,0.056870,0.048565,0.036608,0.031543,0.030762,0.025527,0.024267,0.023749,0.024681,0.024327,0.025730,0.028810,0.036664,2.413074,8.052887,11.813274,9.843274,-20.860770,13.895130,20.78922438
069,069A.jpg,,SET_A_MEAN_TEMPLATE,0.051673,119.889603,109.892807,66.631058,0.205619,0.066661,0.038760,0.024997,0.019654,0.016940,0.013377,0.012391,0.011371,0.012038,0.012158,0.012764,0.014448,0.013958,0.014574,0.018120,0.015864,0.014812,0.015751,0.016377,0.015299,0.014698,0.014020,0.013627,0.014307,0.014622,0.016641,0.021372,0.025419,0.038336,0.061218,0.179806,3.223131,9.187058,11.569165,12.969611,-25.376856,17.615549,25.40293241
070,070A.jpg,,SET_A_MEAN_TEMPLATE,0.176958,127.460632,102.318619,99.294464,0.039910,0.039420,0.041859,0.053939,0.074633,0.088882,0.084039,0.070831,0.055151,0.051277,0.044552,0.039428,0.029294,0.020697,0.017630,0.040853,0.038411,0.012711,0.009778,0.007925,0.006579,0.007198,0.007963,0.009167,0.011279,0.009646,0.009342,0.010527,0.010524,0.013671,0.015508,0.027373,2.900869,8.843969,12.365938,11.187156,23.481846,-16.676111,22.98465655
071,071A.jpg,,SET_A_MEAN_TEMPLATE,0.233367,146.896576,147.055145,147.554062,0.042207,0.050889,0.045125,0.035229,0.033740,0.032132,0.029409,0.029722,0.029713,0.027372,0.027483,0.028220,0.026275,0.029478,0.023724,0.025298,0.028259,0.025647,0.027362,0.025278,0.027045,0.030221,0.026242,0.029919,0.028092,0.030557,0.033255,0.030863,0.031631,0.035953,0.033305,0.040357,2.798926,8.815367,11.062385,11.265478,22.749015,15.701510,-22.48602336
072,072A.jpg,,SET_A_MEAN_TEMPLATE,0.272256,77.041199,76.543335,43.981903,0.077953,0.025194,0.020891,0.020617,0.023125,0.034601,0.052291,0.076423,0.073089,0.044972,0.030707,0.020869,0.018327,0.020936,0.026965,0.066405,0.105526,0.038347,0.017133,0.010678,0.007240,0.007836,0.007141,0.009190,0.008326,0.007870,0.008223,0.008619,0.011348,0.014083,0.026108,0.078968,2.666674,7.694910,10.371747,10.040517,20.306502,15.092230,20.55572147
073,073A.jpg,,SET_A_MEAN_TEMPLATE,0.565993,149.506744,171.582779,144.610733,0.019408,0.016869,0.016862,0.019301,0.020879,0.023799,0.024173,0.027801,0.037108,0.053357,0.062345,0.070418,0.093685,0.040863,0.032064,0.060623,0.089182,0.057656,0.048775,0.026628,0.016050,0.013714,0.011513,0.010158,0.012395,0.009708,0.011815,0.012676,0.011642,0.016930,0.014596,0.017005,2.036906,6.049940,7.925089,7.749471,-16.458773,11.021669,15.59070195
074,074A.jpg,,SET_A_MEAN_TEMPLATE,0.102512,53.085953,75.782455,100.982574,0.020300,0.016652,0.015972,0.017475,0.019141,0.028284,0.043148,0.054545,0.060048,0.048866,0.047825,0.042594,0.039800,0.034530,0.035578,0.036468,0.039775,0.042528,0.048293,0.055724,0.049755,0.037882,0.023862,0.018962,0.016101,0.013684,0.013039,0.013745,0.013155,0.013341,0.016436,0.022494,2.800760,7.628987,10.041116,10.952304,22.219097,15.171586,-21.45536628
075,075A.jpg,,SET_A_MEAN_TEMPLATE,0.127523,138.021301,138.440582,139.813156,0.081449,0.082059,0.067644,0.064708,0.042892,0.042505,0.033251,0.027464,0.019802,0.011285,0.010584,0.010448,0.010621,0.013371,0.014912,0.021838,0.022430,0.019981,0.013061,0.010649,0.008444,0.009795,0.010507,0.012435,0.013102,0.018937,0.035080,0.035364,0.043679,0.058891,0.059040,0.073773,3.086230,9.001647,11.255738,12.766289,24.941514,17.387031,24.91492642
