Image,Cluster
001A.jpg,Cluster 2
002A.jpg,Cluster 3
003A.jpg,Cluster 4
004A.jpg,Cluster 1
005A.jpg,Cluster 2
006A.jpg,Cluster 2
007A.jpg,Cluster 3
008A.jpg,Cluster 2
009A.jpg,Cluster 4
010A.jpg,Cluster 0
011A.jpg,Cluster 5
012A.jpg,Cluster 5
013A.jpg,Cluster 5
014A.jpg,Cluster 5
015A.jpg,Cluster 5
016A.jpg,Cluster 1
017A.jpg,Cluster 1
018A.jpg,Cluster 4
019A.jpg,Cluster 1
020A.jpg,Cluster 3
021A.jpg,Cluster 3
022A.jpg,Cluster 0
023A.jpg,Cluster 1
024A.jpg,Cluster 4
025A.jpg,Cluster 1
026A.jpg,Cluster 3
027A.jpg,Cluster 1
028A.jpg,Cluster 0
029A.jpg,Cluster 0
030A.jpg,Cluster 1
031A.jpg,Cluster 1
032A.jpg,Cluster 2
033A.jpg,Cluster 2
034A.jpg,Cluster 1
035A.jpg,Cluster 1
036A.jpg,Cluster 3
037A.jpg,Cluster 3
038A.jpg,Cluster 0
039A.jpg,Cluster 2
040A.jpg,Cluster 2
041A.jpg,Cluster 1
042A.jpg,Cluster 2
043A.jpg,Cluster 0
044A.jpg,Cluster 3
045A.jpg,Cluster 2
046A.jpg,Cluster 2
047A.jpg,Cluster 2
048A.jpg,Cluster 2
049A.jpg,Cluster 0
050A.jpg,Cluster 5
051A.jpg,Cluster 0
052A.jpg,Cluster 0
053A.jpg,Cluster 1
054A.jpg,Cluster 0
055A.jpg,Cluster 4
056A.jpg,Cluster 3
057A.jpg,Cluster 0
058A.jpg,Cluster 3
059A.jpg,Cluster 4
060A.jpg,Cluster 2
061A.jpg,Cluster 0
062A.jpg,Cluster 3
063A.jpg,Cluster 2
064A.jpg,Cluster 4
065A.jpg,Cluster 1
066A.jpg,Cluster 0
067A.jpg,Cluster 1
068A.jpg,Cluster 1
069A.jpg,Cluster 5
070A.jpg,Cluster 2
071A.jpg,Cluster 2
072A.jpg,Cluster 3
073A.jpg,Cluster 4
074A.jpg,Cluster 1
075A.jpg,Cluster 2
