图片名称,Cluster
001B.jpg,Cluster 0
002B.jpg,Cluster 3
003B.jpg,Cluster 3
004B.jpg,Cluster 4
005B.jpg,Cluster 0
006B.jpg,Cluster 1
007B.jpg,Cluster 1
008B.jpg,Cluster 3
009B.jpg,Cluster 0
010B.jpg,Cluster 5
011B.jpg,Cluster 2
012B.jpg,Cluster 5
013B.jpg,Cluster 0
014B.jpg,Cluster 0
015B.jpg,Cluster 0
016B.jpg,Cluster 1
017B.jpg,Cluster 3
018B.jpg,Cluster 3
019B.jpg,Cluster 5
020B.jpg,Cluster 4
021B.jpg,Cluster 1
022B.jpg,Cluster 3
023B.jpg,Cluster 4
024B.jpg,Cluster 2
025B.jpg,Cluster 1
026B.jpg,Cluster 0
027B.jpg,Cluster 2
028B.jpg,Cluster 3
029B.jpg,Cluster 5
030B.jpg,Cluster 3
031B.jpg,Cluster 1
032B.jpg,Cluster 1
033B.jpg,Cluster 0
034B.jpg,Cluster 0
035B.jpg,Cluster 2
036B.jpg,Cluster 4
037B.jpg,Cluster 0
038B.jpg,Cluster 3
039B.jpg,Cluster 4
040B.jpg,Cluster 1
041B.jpg,Cluster 1
042B.jpg,Cluster 4
043B.jpg,Cluster 0
044B.jpg,Cluster 0
045B.jpg,Cluster 1
046B.jpg,Cluster 4
047B.jpg,Cluster 4
048B.jpg,Cluster 3
049B.jpg,Cluster 3
050B.jpg,Cluster 5
051B.jpg,Cluster 3
052B.jpg,Cluster 5
053B.jpg,Cluster 2
054B.jpg,Cluster 0
055B.jpg,Cluster 3
056B.jpg,Cluster 0
057B.jpg,Cluster 3
058B.jpg,Cluster 0
059B.jpg,Cluster 0
060B.jpg,Cluster 0
061B.jpg,Cluster 0
062B.jpg,Cluster 5
063B.jpg,Cluster 3
064B.jpg,Cluster 4
065B.jpg,Cluster 3
066B.jpg,Cluster 5
067B.jpg,Cluster 4
068B.jpg,Cluster 1
069B.jpg,Cluster 2
070B.jpg,Cluster 3
071B.jpg,Cluster 1
072B.jpg,Cluster 0
073B.jpg,Cluster 2
074B.jpg,Cluster 0
075B.jpg,Cluster 2
